,Accuracy,AUC,Precision,Recall,F1 Score,MCC
Logistic Regression,0.8241375780530249,0.8488038629471549,0.7061170212765957,0.4542343883661249,0.5528370640291514,0.4666882790462649
Decision Tree,0.8475790766711024,0.8873995189734725,0.7664783427495292,0.5222412318220702,0.6212159755787331,0.545350559670698
K-Nearest Neighbors,0.8298699969290613,0.8672853842462144,0.6669960474308301,0.5774165953806673,0.6189821182943603,0.5123952283527042
Naive Bayes,0.7963967652779199,0.8277775437072105,0.6495287060839761,0.3242087254063302,0.43252496433666193,0.3541080675596523
Random Forest,0.8677449073600164,0.9196020842564251,0.7899113082039911,0.6094952951240377,0.6880733944954128,0.6141186096577405
XGBoost,0.8752175248234211,0.9291107501819708,0.7784967645594824,0.6689478186484175,0.7195767195767195,0.6429654914983213
